ILBIK-WD8UO-XHM9J-K180T,Messtelle 0
HJMTU-OCGQJ-3O7E2-RJT4Y,Messtelle 1
F6Q68-LZ2PA-4TRCE-Z3X9N,Messtelle 2
G70JO-7GPDL-1ZYMN-C25R8,Messtelle 3
3O8AE-PE2OX-8N53Q-ZBZB8,Messtelle 4
FUNH6-27SXN-VJUKB-K9ZSL,Messtelle 5
GXVIN-0VTKY-MOAZW-4O6NB,Messtelle 6
O75O9-SPH30-EPIDS-HXCWO,Messtelle 7
LIG29-CTSHC-GO7VS-701JN,Messtelle 8
XO0ZE-AD8UG-S79I5-Z8WMN,Messtelle 9
0IRYA-Z9PFU-5LOWM-EHHDV,Messtelle 10
BQ8C3-19U2A-632VM-5Y9PS,Messtelle 11
2VIOS-YEPH6-9E7IY-8NZFR,Messtelle 12
OVFR7-QHYMM-2I2R2-56TSL,Messtelle 13
CZP97-E0NXZ-GLJWB-7XLAD,Messtelle 14
ZBNG4-ZZ8NS-79548-J0CQ9,Messtelle 15
HVMSJ-BEJXG-GCEZT-7DY1S,Messtelle 16
SF44H-KTK22-GSKGT-M5NHK,Messtelle 17
4NTP5-SIOM2-5CPJC-DJXC4,Messtelle 18
BGS4Y-VORI1-O9R6L-L8E9A,Messtelle 19
SZ567-4HGCI-U0SKA-9Y5ZC,Messtelle 20
BVCSL-RHHO5-AXCD7-BSEFW,Messtelle 21
37J9I-36BM8-ZIK9D-UKGJ9,Messtelle 22
DMQ5G-Q71SJ-6Z59I-BLFST,Messtelle 23
ECVKI-HHCTG-16B8R-YOIL9,Messtelle 24
4QQOC-AENV6-963R3-OVJTX,Messtelle 25
LHRMM-DPAIC-JKWCC-7ZARX,Messtelle 26
VABSD-QKDXY-VNTDG-D3WUL,Messtelle 27
P2XWL-JW4UJ-DU10C-39LCA,Messtelle 28
O2HES-9R0BE-C496G-U6LAH,Messtelle 29
777E1-YSL3S-9BNZ3-7ZHXX,Messtelle 30
TPM8B-QRWZJ-9L3YF-TU1QJ,Messtelle 31
0XL59-ETO55-8LIQI-VKRCM,Messtelle 32
U9JPD-EAHOI-1MRGW-O0NVF,Messtelle 33
CWAR8-2F93Z-R7VVL-8MOQG,Messtelle 34
4JL34-5CY1E-YVLYN-D37AT,Messtelle 35
L7CQY-RMP10-0JJTH-WNNUI,Messtelle 36
U0YTW-TBIAA-SIP4Z-1LBBW,Messtelle 37
JUNZG-NEDMB-8HECT-IU1LR,Messtelle 38
3CJXN-P6XWR-I1USV-SYFSM,Messtelle 39
JNQGO-M7ZQI-K2JLY-YMZ1Y,Messtelle 40
XEDQ1-AFE4V-T44ED-WJZ5K,Messtelle 41
MSENB-F3YIK-ELWG1-SRRKV,Messtelle 42
LL3XB-H2SGF-BUFDB-TO906,Messtelle 43
KISCH-CHU4B-B4K8H-EMFW4,Messtelle 44
90ZGP-QHSN1-99RT3-5BJB1,Messtelle 45
Z5OQA-T9A5A-FFRA3-PNFE7,Messtelle 46
8A2E6-IC4JA-QP42C-82GRR,Messtelle 47
BHIQO-T28EZ-IB697-V2FDY,Messtelle 48
6JRC0-QO7UP-9HON9-HX4T6,Messtelle 49
DPJ5L-8E02M-Z91R6-8W3YQ,Messtelle 50
FHZVQ-P1LRD-35YG7-4RNNL,Messtelle 51
6JUEJ-TA0K4-G8UI3-FWGNN,Messtelle 52
YB1B3-19J8R-KK31K-XRMN4,Messtelle 53
NU1L7-Q9TFT-BUGG0-58HPR,Messtelle 54
GPQP6-YKPZL-LUXX8-79X9F,Messtelle 55
4BJ5O-ARSJ5-07JJO-777GU,Messtelle 56
0OYLM-HGUVO-HVMT9-M8LDW,Messtelle 57
IOXQ3-971FM-QZ0X4-2NV76,Messtelle 58
1A4W9-5P7AU-9A3O8-MV3PS,Messtelle 59
ZB607-8ZZBZ-D4J0T-TUSUW,Messtelle 60
14R3Z-5J8IW-PAJX3-NUEX2,Messtelle 61
6VPDW-4P5L7-UPZUH-BYQQH,Messtelle 62
AY3UD-8W9T9-3WIP2-RR1VV,Messtelle 63
ALVU5-VD2P3-O7U6Z-O7R9T,Messtelle 64
4ZCH7-FDHFC-8A8W4-PV2IU,Messtelle 65
YRJ3O-2JI6R-BWF0H-CX1SR,Messtelle 66
STNXW-I2155-GAHCS-TWWP5,Messtelle 67
VWGHQ-VCAOP-1FXPX-V8IME,Messtelle 68
P4MV7-FGUOW-GCSDQ-PMYZT,Messtelle 69
AYJBD-WU41K-Q0VS2-MPLS1,Messtelle 70
EOYV6-D3YH8-BR2AE-SSTDY,Messtelle 71
XR3P7-UH8Q6-D6VH2-SOF8C,Messtelle 72
LUKIC-XUBD1-KWMPU-2U8TS,Messtelle 73
FSI62-Z2UU1-VFLIR-DDSCH,Messtelle 74
V6M1B-4J0FI-Z19UP-R6BBV,Messtelle 75
Y4VNJ-OCIVM-SLA0W-Q55E3,Messtelle 76
7RGFK-MASO3-LNOH0-R9VVJ,Messtelle 77
A94TL-M3V5S-Y0BMJ-U987T,Messtelle 78
LXTFO-4TQNN-Q7IZH-OLFGC,Messtelle 79
11B6L-WRVOD-OD6MX-Q7ZQV,Messtelle 80
HXYZ3-I3KJ2-N0X8J-32J8Q,Messtelle 81
V6AK9-037J1-80PUN-L5V07,Messtelle 82
NGKXZ-XMIHS-ZAQBV-CEZZM,Messtelle 83
8IDSR-TSBT8-FB8BT-W72J9,Messtelle 84
2LR87-UEWWG-FTBSY-6URNF,Messtelle 85
IB8O0-R4LC0-3O1XN-35PWN,Messtelle 86
VE7J5-D2SBE-WKQ0Y-DD6YD,Messtelle 87
E8Z5S-HM2Y8-06V8A-MJ3Z9,Messtelle 88
O6UD5-RFKVD-XQ9PF-Y6MXL,Messtelle 89
09BH2-GQ2XU-P0TKL-0RVJM,Messtelle 90
851Z6-7UHFK-S7XZS-UN4XU,Messtelle 91
XY4XH-RNG4Y-TWH66-N8POK,Messtelle 92
A1IIY-GTYPP-NB8BQ-AI6X1,Messtelle 93
29AGG-XVG74-W987F-LAMRB,Messtelle 94
BA59K-XAOKX-H11JP-VCNXX,Messtelle 95
0M6A7-6Q7LK-5SQ8R-G2Y2N,Messtelle 96
JIDYZ-VOZI4-CTPZ3-0AHFC,Messtelle 97
OMS9W-CS6HD-NM4GX-ASPQX,Messtelle 98
P69YH-ERJDR-EVHP2-J1F17,Messtelle 99
5C1ZI-E2UF9-ECJ7X-1HBQI,Messtelle 100
DB232-JP0FG-XHG5B-NGZZH,Messtelle 101
I9W46-0TP9B-9A4EW-CK13F,Messtelle 102
EEDXO-ZXEV3-90ZYA-KILB5,Messtelle 103
Z9L0Z-DGZC5-7KR4T-8MIZX,Messtelle 104
M46AV-Q59JD-6NT3Q-CEC1M,Messtelle 105
DFZVC-5D92X-0NUQI-KS3KX,Messtelle 106
AQHFG-HLAY7-WPBYW-BLWFI,Messtelle 107
SDJG6-UWHVJ-YWPRB-GTMO8,Messtelle 108
ODHIW-4ZCIZ-1FFKL-O86GK,Messtelle 109
R1064-UXFML-2V8PV-XZF5P,Messtelle 110
RITI3-NB70M-RG2UM-2CPMB,Messtelle 111
BO05B-6O5N5-UDEEG-ZSX4E,Messtelle 112
S6QZN-5QVCY-L6NGL-Z7G5T,Messtelle 113
DYAP2-H4SKY-N2B3H-S3YME,Messtelle 114
CBS0O-841WP-NNE9I-825Z9,Messtelle 115
NZGX8-BAW24-6OB30-VQQVH,Messtelle 116
YPH8I-I809S-3HWHP-I2SJG,Messtelle 117
3BVXI-YH7YQ-8PI8B-JY8CX,Messtelle 118
7PSWK-60HFH-487U4-H1LW5,Messtelle 119
D7J4B-3TAIQ-V0W00-ZG5EN,Messtelle 120
5DZ45-R3G3G-Y7WNR-TCHD8,Messtelle 121
NEQAP-5PERH-88Y5Q-O4UKB,Messtelle 122
F9QDR-CWSXL-RVN0P-O0KXM,Messtelle 123
80MAG-4N4RQ-H2KYR-NAHVR,Messtelle 124
CGYJ6-1IY5G-MY3ND-KRSUF,Messtelle 125
Z1T4Z-WLPAZ-2JPFU-PJ85X,Messtelle 126
H4FW7-WOAF7-WHKZ8-RDSNI,Messtelle 127
7YMOL-ZJ2QG-9CNOD-A2CW3,Messtelle 128
6TVYB-D80TJ-0UUWC-HD5ZW,Messtelle 129
EIMPT-5ESKA-OCT25-7WFH5,Messtelle 130
UEGPE-8TOA3-8UMX4-RSPL8,Messtelle 131
KBUNF-N4D2K-BDUG2-EQ2NN,Messtelle 132
9DU22-URL23-BW1WR-Z2QG0,Messtelle 133
7UP18-NU4HS-SAX3U-1KJNU,Messtelle 134
6FSDG-0ZH6U-ZBHPV-YTBX6,Messtelle 135
AEOQN-AG9II-XH4TI-NH7ZB,Messtelle 136
J9TB3-UDBIB-A4PBG-WNNMZ,Messtelle 137
0P0O7-HKEEJ-QYNLM-HZOLC,Messtelle 138
PG906-0WBIJ-A5AC7-IKN33,Messtelle 139
G0BF1-3CAJR-9AWTN-9MDJD,Messtelle 140
J1BIO-CHPCH-AUH1B-NRJOR,Messtelle 141
3U8M9-CF5RK-JPY6H-RESZB,Messtelle 142
QPM3B-E9Q6O-0F9ZG-Y8P81,Messtelle 143
BPEMT-JTMYO-6GWZC-I6YYZ,Messtelle 144
B2UNV-IQXYK-NQOFB-EGWAZ,Messtelle 145
88MTN-DXR6A-2R4MO-Y535O,Messtelle 146
XV5N5-L3Z3T-0I3MB-9AIZN,Messtelle 147
AVRGT-ZS8JP-6729B-XDX8O,Messtelle 148
2SK2E-OIEEY-VZ4XK-8QMKS,Messtelle 149
4YJKK-4PG13-TGC2Z-XK1SA,Messtelle 150
RBP3K-YND02-GJDAF-SQZ33,Messtelle 151
85G8K-V02AJ-04L3F-N5XIV,Messtelle 152
ZF1LL-IF6W2-OZKDI-EMIQR,Messtelle 153
X8XPS-PTGYV-SI0TC-R2VT4,Messtelle 154
I1T95-MVIB0-ZYMZY-CEJHD,Messtelle 155
Z8KPO-5SV9Y-6BO5A-5T4I5,Messtelle 156
JP6VM-XOLLA-5K6HQ-TG43F,Messtelle 157
SWRZO-1WH9M-1CZQY-WCX3G,Messtelle 158
GT2GB-17V34-FSCMW-0SKPH,Messtelle 159
MPI1V-RPSRM-J64BQ-JYSIY,Messtelle 160
EIAD3-HG7TX-528SS-1X1GU,Messtelle 161
HU5SV-HZDSL-TRRZY-QPN08,Messtelle 162
34ZE4-SGEVE-RHVF6-IY5LN,Messtelle 163
O07T9-NVQYX-93YFJ-54K0N,Messtelle 164
XDZWF-ZDLQO-162TL-B8W1P,Messtelle 165
S6ZON-CVR14-WS7QW-9WN7L,Messtelle 166
NMWZ0-BEETI-9DR2K-YCC09,Messtelle 167
IXJ2V-TW1CI-NTIPN-K9RG5,Messtelle 168
1S1SV-C5ZXW-P3TPE-YOSR7,Messtelle 169
RGHQZ-0K9V8-CRLYI-LRP7U,Messtelle 170
HK1ZC-UU3J1-CQHPB-O4LG3,Messtelle 171
31C1S-QP6O6-O2NHN-5VYB7,Messtelle 172
X0DDK-B05UA-7BTTX-PAV2K,Messtelle 173
4A9DL-HEY5T-OPSM6-RDK5S,Messtelle 174
CRR7F-BGSW0-28YZY-D4OJ5,Messtelle 175
6TS2O-MNHPA-D19CW-GT2K7,Messtelle 176
VOZ5F-6U9GH-I1FWY-JU73Z,Messtelle 177
RG6FO-GB64D-XAM43-ZO7XW,Messtelle 178
JB78R-96R6Z-PJ4HR-MJYOK,Messtelle 179
EDFMV-U42T5-E5TI2-DEIYL,Messtelle 180
FHCF3-40RWU-ZGU8J-G7WQU,Messtelle 181
TAF6J-CUON6-VQ2MW-EFDSI,Messtelle 182
COVLO-1EOPA-LSFPY-68VY0,Messtelle 183
GTPOS-Q1NRY-8JFS2-ANSV9,Messtelle 184
P4NKU-JKR1E-2U0S2-66I4B,Messtelle 185
91HRG-RPPAF-L7Q8N-CS6ME,Messtelle 186
A3R7B-GEF2Q-RBHLC-NW8Q6,Messtelle 187
ZF7IR-ZXGWO-7772W-Y08QX,Messtelle 188
2P2TB-NFY6A-XP12Y-KI3C6,Messtelle 189
DXV5L-PF3PQ-GSH7Y-2T4TQ,Messtelle 190
3GDW7-DAMNG-FWHNG-P6XKA,Messtelle 191
6UM0I-1WSH7-562H0-YBZW3,Messtelle 192
MTTMK-0H52T-6SJET-B5MAG,Messtelle 193
1JBQ0-M2DDE-RI2EG-0YIK2,Messtelle 194
9OJY2-ZNSXF-ATGZL-KLKNL,Messtelle 195
C756R-LIMMG-K859L-UMGAU,Messtelle 196
N4L4J-Z0VU4-WU8LR-SN5EG,Messtelle 197
QOP1Q-OGJV2-0E6BV-JXU4L,Messtelle 198
KSO40-8964P-0YM6L-P8N38,Messtelle 199
UVVX8-R4CRC-ANSNW-G110P,Messtelle 200
NIPJG-OMD1S-Q5UAW-RLRP4,Messtelle 201
JNRZJ-UTBD7-JVCUE-GRRCY,Messtelle 202
TBY9E-NAW0M-UB0SJ-0CH9Y,Messtelle 203
ZLX6T-KR4UJ-ZXO0K-FOAF9,Messtelle 204
91WVH-PE8YL-T2SFC-9ULNO,Messtelle 205
MTZ9Q-K22V5-HKJO4-UXZ0J,Messtelle 206
CROQ7-Y0KYB-8KE10-JDTES,Messtelle 207
3BJPN-GAE5D-PDNFG-88SJQ,Messtelle 208
ZC0TG-0JOBG-T7PJY-YX0LL,Messtelle 209
NR4OZ-LM2V5-LF5PZ-MJLPE,Messtelle 210
IS5VI-ZDHUF-RFEVP-O545V,Messtelle 211
YYREX-03VG4-NHEPA-86U8P,Messtelle 212
SPBA0-7ZUUH-SF85F-JKOFV,Messtelle 213
NUNFE-BCYJO-IJXDH-123LS,Messtelle 214
Y3M5G-6HPMO-Y0EY2-EHAX0,Messtelle 215
8KN6I-WDV07-M4LRD-RXUG7,Messtelle 216
JNL6J-ZHF7H-9BXNZ-01X2Q,Messtelle 217
DX9JW-WIGI1-U2P5H-OQOL0,Messtelle 218
FVFC6-NUE5Y-SA59N-CY80A,Messtelle 219
C4JQ0-8ZF00-P5CYB-54S6N,Messtelle 220
YGVQO-KUMC8-5C9AZ-9G1AO,Messtelle 221
FLUTM-JRRIE-VYGY2-I3A5R,Messtelle 222
7H9H0-KMFWI-W8EBP-VHQ02,Messtelle 223
3MB19-E637I-VT1HV-N0C4R,Messtelle 224
NZ4U9-AU97R-4PE3R-G2V8R,Messtelle 225
T0NEZ-BPEYM-1R5GY-OWK42,Messtelle 226
8R8P5-KFOFN-MGUY5-85PWA,Messtelle 227
KL81X-MA8B2-N02AR-MDF03,Messtelle 228
OLJ2L-LN3UA-JKQ7H-WYSDA,Messtelle 229
848T5-QYA0J-HLDVR-KYF1H,Messtelle 230
6WHZX-1XSOF-ODDWB-I89FG,Messtelle 231
ZBRU6-S1LUL-ANQC6-QXU6Z,Messtelle 232
TVMGU-VRMDU-Q5BUR-JZPJH,Messtelle 233
Z8AJR-6Y0V9-IM3XW-OW13O,Messtelle 234
YLGD1-66D9M-D19PV-RT47F,Messtelle 235
OGR9X-W9POA-8FO9I-CE9FC,Messtelle 236
THJFV-4YXDB-KXW04-OZ2YZ,Messtelle 237
C6DD4-267A4-Z5MTN-N9GBT,Messtelle 238
WAYN4-0GNT8-UBS6C-JQ4IP,Messtelle 239
ZGV96-CX6YK-EN64P-BCWAV,Messtelle 240
CZQGY-PLE6U-9B5IY-CSZ3U,Messtelle 241
BLHNH-WXDA9-EBOCV-KZY94,Messtelle 242
TKNL1-BXIJF-XDSZA-EVCR9,Messtelle 243
JP0K0-OJBRH-0GAV7-TVO6R,Messtelle 244
2NGKM-5V4L7-296O4-KAYME,Messtelle 245
LF8I2-06A38-9582J-JHSN8,Messtelle 246
OCP42-TD00P-S66LU-PCRPI,Messtelle 247
5YAIW-7FAEZ-3COXP-A4YEI,Messtelle 248
MDCB9-PEPYR-4VR3O-PIAWO,Messtelle 249
1ZPMH-3RE66-3RTT9-YL5BF,Messtelle 250
OIY0P-UEWCX-MOIC1-C1ME4,Messtelle 251
D0B8P-KL9WZ-BAL4Z-782A0,Messtelle 252
6PT2A-REXMM-HDEST-1Z91Z,Messtelle 253
2S7K4-ONI3N-72OOV-OY6K6,Messtelle 254
ZQL69-LM3HY-WYBHB-0XL81,Messtelle 255
OW99H-16WE7-I2ZSA-SAW7T,Messtelle 256
8Z8K3-MSN48-2G5VH-3VHF6,Messtelle 257
1MFOQ-98331-ZQ440-FYCX0,Messtelle 258
71WY5-SNUEE-J6LFD-AX5EP,Messtelle 259
X1B7S-970G2-6AZL2-15DVI,Messtelle 260
AWM3J-2BYFN-7D84S-NM6BR,Messtelle 261
Q7OR9-YK4AE-6F82J-3O3J6,Messtelle 262
4VILQ-RX9CR-02L9I-U52VZ,Messtelle 263
WY8U0-NY5YG-UU178-B6UOK,Messtelle 264
9I3CW-P1XT3-SCLBI-T99MK,Messtelle 265
7FCXS-O3RQD-U7QQX-SP829,Messtelle 266
7H2CL-7ISR0-PRLPC-02H5Q,Messtelle 267
9XLEE-NF8UD-KIPOV-ZXI4Y,Messtelle 268
9ZJMH-721H8-QX5NR-PWD8G,Messtelle 269
B2V76-AYWDP-HXT02-NYK7L,Messtelle 270
4S9MY-COSLG-A4TM7-9OEUD,Messtelle 271
D0YLY-3K5JP-3WT4J-DO76A,Messtelle 272
1HCUK-0FQAY-MPSQA-TCX66,Messtelle 273
CXJHG-QP36Y-UASDW-OC1IB,Messtelle 274
C3R9C-Q2AS4-KYJE0-5LRAT,Messtelle 275
GA9YJ-U0WUL-927BO-1P5U4,Messtelle 276
PS5WO-9Z0CV-4H16H-KW3DW,Messtelle 277
CCQ02-KL13I-GZGQP-J1JTN,Messtelle 278
24DL7-ZMQJ5-E6EJV-2BNXA,Messtelle 279
2E1LY-YCBGE-6AVI2-KVPCO,Messtelle 280
Y1REN-Y0YKQ-3HDIX-86IN8,Messtelle 281
MC7SY-55MND-L0WNP-V9SUM,Messtelle 282
D366W-YU80Y-JHNXP-29UOL,Messtelle 283
2QV1I-Q81TK-QPY1J-FT6SR,Messtelle 284
E4VNG-WY189-J978N-KEB46,Messtelle 285
X9JD2-8844O-4HR4W-L1T8S,Messtelle 286
RKQTF-DIMZ1-Y25L1-05MHY,Messtelle 287
503S2-39GD0-XER1Q-UPY0U,Messtelle 288
9A9LD-4ATUC-86T48-LDFEU,Messtelle 289
QKFXD-ZGA5E-3WGFV-XHF2H,Messtelle 290
R4QM4-YOJ52-K24JD-JMRDU,Messtelle 291
3SBW8-JJBQP-Q7OQT-MXDAO,Messtelle 292
HFD35-1FCLI-VX3VN-OFAIY,Messtelle 293
P1GKI-MF81S-G44FF-TAM9N,Messtelle 294
3W4US-86CD2-KUDSH-4MLOD,Messtelle 295
5NL8E-S4VIE-2GDXF-M0V67,Messtelle 296
4ZTU6-1VJZA-Y5N4E-X0WPD,Messtelle 297
LLOEM-9H91R-IEEXJ-UBUT5,Messtelle 298
H4WHW-FB9D8-HZ6WI-OK5GG,Messtelle 299
F4WNW-WYQ9X-XXVMA-84EX3,Messtelle 300
QWFZR-8IN6U-6GQLS-L5ZOG,Messtelle 301
I0QJT-T3BHW-S3U2E-57IS4,Messtelle 302
5S448-NPK16-T3C43-YZF73,Messtelle 303
YP3F3-8XIO4-5Z5M8-WW1FW,Messtelle 304
BLRUE-6TWYD-U2LD3-O4APK,Messtelle 305
1JU9C-N5ZAJ-SF8TP-M9NC9,Messtelle 306
S8U8L-SJ854-3U3FF-K0KW3,Messtelle 307
6739Z-VH9I3-CALEP-7B49J,Messtelle 308
4KYJ2-N7NS9-EKW2I-FNU4K,Messtelle 309
BROSB-3SY0R-4FW8S-YUKOP,Messtelle 310
9NL0P-JZ6IZ-12A8G-LEXMH,Messtelle 311
W80ZD-IM7YN-G3Z9N-TN2EX,Messtelle 312
6KVGU-E7905-7530G-IOSNI,Messtelle 313
VVSB0-9V5SR-OYPWD-YDPM3,Messtelle 314
ZR3UL-2JFXQ-IOCPL-VHLF0,Messtelle 315
474W8-EFOUG-H2OCG-IYLXX,Messtelle 316
NATWY-LYLVF-4R0J6-1684Z,Messtelle 317
8KLPD-65O2Q-XV4R6-T16PC,Messtelle 318
W1R6T-NKN5V-4D45J-ML6UM,Messtelle 319
NRD9B-066DM-9HN8I-R3RWX,Messtelle 320
7Z20W-LHS1A-G2217-Y0ILT,Messtelle 321
S30DD-JCNK9-QK4OR-KSK0S,Messtelle 322
R3WCL-FXQPI-L17A6-NB30E,Messtelle 323
92VJO-FH90Z-2AUQP-TD7IT,Messtelle 324
4JS9O-F4GV0-CZVOB-SO4QJ,Messtelle 325
9H0N3-VFJS0-Y3S3K-HKJ0L,Messtelle 326
U0BT7-GBLUZ-X9HQW-1OMX5,Messtelle 327
ZAUX9-4N0Z2-ZG9P2-GACH5,Messtelle 328
9VRNX-8A70F-8LP7Y-8CTX9,Messtelle 329
6T4H8-KR99P-NSJ7U-6XB1R,Messtelle 330
NDFPX-ES54R-EDST8-A23BL,Messtelle 331
DEJLM-8IAGK-JEHVX-W04N6,Messtelle 332
BVOUQ-7JRFC-U2GXX-BN3WQ,Messtelle 333
AHAEO-A5OTU-7CA6E-2HQ5Q,Messtelle 334
AY4HE-0EA93-9IMS4-1TUCC,Messtelle 335
TUZ3O-VXXA2-B0XRR-BL085,Messtelle 336
IKA09-U0D3Q-OM1RP-U9994,Messtelle 337
NSXCK-YDY39-6NX8N-32KEQ,Messtelle 338
CGI5X-SG533-FSUNI-87K0X,Messtelle 339
OHPZR-6BR3S-UKR73-4IA55,Messtelle 340
FXWGL-9S8LI-DLWHW-4M8SF,Messtelle 341
R0Z64-JSIXF-5HL1J-GE4V9,Messtelle 342
XWIZK-6CP6Z-4VJZ6-7MHWE,Messtelle 343
B5OBS-AXTXA-OYFYW-47HL4,Messtelle 344
65GKX-7IEW6-OPU42-QP1B0,Messtelle 345
D0UQU-BU6M0-B8XZY-RXD6Q,Messtelle 346
M1O9X-V1SU0-1HIWT-35BJY,Messtelle 347
UU1MI-27IS6-57EYL-ROIFI,Messtelle 348
5YWR2-7GVZK-ESE9H-4YJ86,Messtelle 349
SQE30-YVEH0-J7T55-NTU2A,Messtelle 350
A116G-F9QS7-MAB22-3I8RG,Messtelle 351
MTOHS-RR3D3-26VJV-B7E63,Messtelle 352
6JZAJ-8860E-R5Z3B-4FXLB,Messtelle 353
IUP3M-DDNJ7-I3TKU-3VFMA,Messtelle 354
0WI06-ZJWPO-RIFJ8-THJW4,Messtelle 355
GX74K-ABHVJ-N0H0H-3UWY4,Messtelle 356
GYSLJ-FHUDO-5B7SB-6HLM7,Messtelle 357
HRH5C-F787Z-5PL9E-BOYBV,Messtelle 358
QU22T-QHMGJ-NY6UO-OM6J4,Messtelle 359
MX94D-BIST1-L21CM-K8YOU,Messtelle 360
9XMIK-5E26B-J0PCZ-E49TF,Messtelle 361
C8SNN-QMVD8-KD875-D4U5B,Messtelle 362
I4332-N2G8T-7MI17-UHKNC,Messtelle 363
4NZ6G-EIK4A-55RYO-FSCYS,Messtelle 364
9LX9Y-1CJ1W-EMECU-K2X0Z,Messtelle 365
MOASB-E3GQF-3V7HF-PJ12L,Messtelle 366
W3O4T-4CVMM-22PN5-B9S28,Messtelle 367
NX9IM-IERH2-649RI-8FF9C,Messtelle 368
41MDL-DOCWA-QC372-QMM2V,Messtelle 369
1C0DP-RE3SF-OP2T9-N02G9,Messtelle 370
XU7P6-768YS-F0JTY-W3ZCG,Messtelle 371
3IKCF-ODH0J-65EFU-B5Y26,Messtelle 372
ZAI8P-SICXU-S54AZ-ZLCO4,Messtelle 373
ZGQJQ-BSLBD-AMU5F-88NEJ,Messtelle 374
TBVZ7-OIBAY-C8SS4-G396E,Messtelle 375
6LWDO-FK1P0-VGCM3-D831I,Messtelle 376
NLPAS-W9M8D-TQXJT-80O7F,Messtelle 377
OGD3H-TLYPJ-J3Z5Z-WIF74,Messtelle 378
XIIJJ-CZOC5-SL156-PIBRE,Messtelle 379
5KFIT-JBU63-UHPQY-JQEEP,Messtelle 380
B9CG1-SDZVJ-585XK-JZ5CK,Messtelle 381
KZHC4-9H0KN-XLEL4-B9W0N,Messtelle 382
03NCR-YNGVQ-LEAED-EK5X8,Messtelle 383
1XWV6-0GAIJ-ZP8NK-T7SB7,Messtelle 384
15YEN-UV3BL-JQOX7-EIPEV,Messtelle 385
OAVV7-IYX6W-ROFMR-8NL9V,Messtelle 386
9V90B-PH8YO-QICUU-DFWKH,Messtelle 387
BOW45-RL32X-X0CPQ-8RSNE,Messtelle 388
OCHGZ-YVVS7-ZIKVC-RVH7M,Messtelle 389
I1EPY-AJ8RD-K5J1C-430BY,Messtelle 390
Q7D6L-VJO6D-X5SL1-EDTDT,Messtelle 391
DLBMX-O966Y-ZJETE-JNC44,Messtelle 392
3A9WC-4XBTY-6GKGO-M00YW,Messtelle 393
RTHFQ-NIGLQ-M8L2L-NBW6Y,Messtelle 394
XAJKV-QK1BX-KTPVE-IW3JX,Messtelle 395
NUFM8-ZA2XM-BR2F8-4KK98,Messtelle 396
71J15-X2072-71THS-ZDFLQ,Messtelle 397
BQU8N-G1MFE-495U0-3YJWK,Messtelle 398
IMC19-ANMZK-ZXTO3-4LC15,Messtelle 399
MMQJW-284S5-9VBGD-JPOZX,Messtelle 400
WWASH-2RMI4-KOWD5-8BI2W,Messtelle 401
OAOXY-VCI6I-7P3C4-XACJV,Messtelle 402
7V4OW-099XS-83FI6-PNNWU,Messtelle 403
IQ4FL-1JKI5-91DTH-HP1FW,Messtelle 404
7LHYD-A8QZG-W35IE-D27X8,Messtelle 405
KQUJ4-5SAXA-Z50EV-MYKUG,Messtelle 406
DT4EZ-CHJUV-SYUCJ-ZKU45,Messtelle 407
9RPY0-K8CTP-0WPHH-5DGXE,Messtelle 408
O3EZS-Z61LB-2QDWD-EIX05,Messtelle 409
QZCYS-4XWFW-NX4DH-6SCWK,Messtelle 410
KL8RO-6EUAK-48ZS3-TGPFP,Messtelle 411
XGYHG-3KW12-IYO9X-6T95A,Messtelle 412
17W0Q-CZE39-KEWBT-Z4IX4,Messtelle 413
1XN35-J43FL-FQCBJ-6MTEZ,Messtelle 414
BK6PB-OE9FV-482PL-4AOGZ,Messtelle 415
CO4VS-O2G39-0BHQY-MZ05E,Messtelle 416
9E417-B0UFM-4QZL4-EMDJQ,Messtelle 417
RQHAW-1G2MF-SWSVW-Z4ISA,Messtelle 418
VTKPT-T8RNN-POHGG-GXKGS,Messtelle 419
I5YAY-MO8QM-VFF1R-V1Y8Y,Messtelle 420
H0MEF-0XIOW-X8PS5-YXJSJ,Messtelle 421
VO88D-3OAW9-0F1GE-48WOC,Messtelle 422
7IP0L-IIXD6-FFMQQ-E0YC1,Messtelle 423
XDI6L-JLM92-5RWTB-0UO46,Messtelle 424
KY489-ZU3GB-28SNA-S11F7,Messtelle 425
EDBDL-22W37-CX0G1-R7G8K,Messtelle 426
13RNP-KJ88J-M7ORY-N050T,Messtelle 427
BVGKJ-FJXES-MZA38-K51GZ,Messtelle 428
68X8Y-SXGYJ-06WXA-HHMEW,Messtelle 429
0EBUK-9KRWF-KLRMD-VUNI1,Messtelle 430
T01Y1-JQCPL-TZDOL-R56FA,Messtelle 431
EY5FB-LE3BZ-C4KH1-XSF69,Messtelle 432
GQ3QD-AGVSL-R33UG-L1DCC,Messtelle 433
VYHNS-Q6L4H-VOIQZ-PL833,Messtelle 434
LMDGU-8KPSY-9W5X3-AKB5B,Messtelle 435
UGVDM-4AF85-9F9T0-HHI8Y,Messtelle 436
G60JE-NENSG-54MPD-XAKZY,Messtelle 437
176XN-DPHK1-LBUNC-ROS78,Messtelle 438
Y2JCF-ASH7B-9ZKZM-DLF32,Messtelle 439
LRZMP-IC2U4-CBJYC-4FR2P,Messtelle 440
6VOJ5-K2QUB-4TU49-LQ926,Messtelle 441
M0W4G-EHTNC-FIRRF-FUOPJ,Messtelle 442
SB7DY-WXNPM-09FMX-CIYKY,Messtelle 443
5JHUS-EL1OG-OE8MB-20DPI,Messtelle 444
KF4AM-AQ7SD-3UJ8L-2M1RR,Messtelle 445
7ZZXM-FV9RA-UYI8B-80WPD,Messtelle 446
6FDCV-K14JI-81NE2-CTQZL,Messtelle 447
GLPAB-YO81U-IR7CC-LSAKF,Messtelle 448
PX3YC-20KGM-PGT7D-G6YDV,Messtelle 449
7Z48A-NUQVS-MEVYD-1TDOJ,Messtelle 450
LE45V-W7CH8-CKB1B-643Q6,Messtelle 451
QWC34-9RSMQ-9KJB5-4KUMK,Messtelle 452
MF4YO-7GCWG-S8ASZ-O03AI,Messtelle 453
OAEEK-Z5RDJ-81RMT-YKBW9,Messtelle 454
G0LDP-SEDXH-IGTEO-L4DRV,Messtelle 455
5UQLM-5518W-01I7C-SM25E,Messtelle 456
VO576-VR183-UIP45-XBGH5,Messtelle 457
QKLU1-BAUCI-F1EW1-TNF50,Messtelle 458
UISPS-TRADK-XN0VY-F0LD8,Messtelle 459
RV5GJ-8PFJX-IYMA5-IJ90S,Messtelle 460
LLKEJ-Q3JDM-MMK7P-I1HSS,Messtelle 461
6XDJH-S023R-64AWG-YDPPO,Messtelle 462
W0NG1-UXOCR-F7M70-KIWR0,Messtelle 463
E8JDA-NS4ZE-OSM4E-TVTH8,Messtelle 464
C7G7I-0DUR0-695I7-L4MER,Messtelle 465
BPMSY-V1PF2-UIWJV-GS2N6,Messtelle 466
RKNGG-UFG0A-MSJ3O-WIPEM,Messtelle 467
Q9CTL-XQKM8-6RHXW-89EQI,Messtelle 468
AIOM3-A9Q7O-MV0QH-SVKLR,Messtelle 469
B2UM2-ORBJI-WK5UI-AF2S6,Messtelle 470
0HDCR-V3UP6-6V38E-HRLFX,Messtelle 471
5YLG6-CTMJT-U41HK-HDSV6,Messtelle 472
5F21Q-8VTO2-R62YL-O580X,Messtelle 473
AGCKK-J2PBE-SDUOQ-VOIVS,Messtelle 474
9FQUT-NKMOQ-HSREZ-DWI2I,Messtelle 475
PG0M0-33SZK-IC8MM-MCDDD,Messtelle 476
SX9ZC-B5V94-W9VGI-04QPP,Messtelle 477
5B2HF-9NMFL-M4D83-8UY8I,Messtelle 478
DHTUC-MD9K4-KCKIJ-VOVID,Messtelle 479
LGI4N-3NF3P-02ICZ-3T4J3,Messtelle 480
HRRXX-7MGP9-VH887-HV3R3,Messtelle 481
ZKFC0-VLVCC-CF20F-1F7GZ,Messtelle 482
ZHC8Y-HF4F4-W8HG3-QOSJJ,Messtelle 483
BMZZ7-PZANF-GSJJN-GE9GL,Messtelle 484
GGU0X-6395A-JNS61-WWQC8,Messtelle 485
AFD13-XV630-DW2IX-RPLYG,Messtelle 486
TW6TM-S5NOM-MYGGM-78Z24,Messtelle 487
16M6S-IAU35-8POCI-QN3IC,Messtelle 488
T05SV-EO28D-NAMV7-5HYZX,Messtelle 489
2H72U-3J2EG-MJLAI-US043,Messtelle 490
Q89DZ-KQFUC-K2WOQ-ATKVP,Messtelle 491
FAJJG-LBGLT-QVVBB-I5G8G,Messtelle 492
TTBQ0-YNCTK-OCSCL-W19QU,Messtelle 493
C6ZNF-ASSTX-K1L0Q-FAMDA,Messtelle 494
03L16-KPRFL-TLJSV-8Z3EY,Messtelle 495
N9VQ9-7V8K1-TE55R-G6Y81,Messtelle 496
1YE6C-LQZ2A-2DLK3-VBTW0,Messtelle 497
VJ8R1-BKGE1-F23M7-Q4VVR,Messtelle 498
28UE7-MZH5P-1J9ZQ-M0X80,Messtelle 499
NST4B-92JXH-NY2QH-T74HO,Messtelle 500
481GS-RHCU1-N53DE-YXMRA,Messtelle 501
2CRDM-TLSB3-72G3J-SNNPA,Messtelle 502
AQ435-3V93R-4X77U-3QVAZ,Messtelle 503
USFW4-BA94X-Z00R8-8CO4H,Messtelle 504
G89LS-MTNJR-AU8RM-WMDMM,Messtelle 505
EY1FP-A3Y7B-IVH4Q-HRMQ0,Messtelle 506
MAYI4-2DCGX-YIBXE-1N4K0,Messtelle 507
Y8SWH-QTY4B-GC51M-KKB2Q,Messtelle 508
SUU39-29HRP-0ANYW-S3QRH,Messtelle 509
RTB0P-AZLOF-2CSEC-6OUGD,Messtelle 510
LHDUD-4TLXH-L21W8-GNTBR,Messtelle 511
EQFCI-RQSXQ-V04NA-Z77Z5,Messtelle 512
BJJKJ-F3FIA-LO8R9-SCXX5,Messtelle 513
FEF2F-6HKXV-B2TC2-0HNDH,Messtelle 514
2YTX9-9FJU6-KXNHN-4SW51,Messtelle 515
WMMTQ-TBIOS-SQK2Y-2IVN9,Messtelle 516
Y7PTN-MROM3-78NRC-MCGR9,Messtelle 517
1QXSF-PU41B-IQ6XH-2ZO7U,Messtelle 518
GJCF3-NECPF-Q83XW-MS4V7,Messtelle 519
RHN2E-L4QRS-OXJF8-VWE45,Messtelle 520
LRUW1-WEPGP-ODCXN-736UW,Messtelle 521
AWMKJ-XL1DW-EW174-PL0FC,Messtelle 522
GWVS2-XF282-BJ98B-JYPTK,Messtelle 523
5NH9H-CX7JZ-3347W-DZ95M,Messtelle 524
XJFHA-8301D-71DNP-UYWX7,Messtelle 525
VDHDD-Y08D2-MLCSP-3MYTA,Messtelle 526
DLRT4-8LKM0-8F5NF-Z1PNY,Messtelle 527
O4V6E-Y3NXE-67S5O-MNWG0,Messtelle 528
UBWVY-O0FUI-VNH5W-GVB7N,Messtelle 529
GJUHS-X7AIZ-853NS-69MSR,Messtelle 530
TZ9YN-XJ9MZ-3B0YG-5MWVW,Messtelle 531
8IE1U-S75TX-TOJAU-TC1CX,Messtelle 532
YPA0E-RT0PT-XAPN3-QNN6G,Messtelle 533
0ODIE-PWV0P-USG76-SFE7H,Messtelle 534
GQO8Q-5SFEI-MAAQ3-G1ANF,Messtelle 535
JOIJ2-UKUI8-I2BK8-QFVAJ,Messtelle 536
J8PHU-NN89N-H42U4-KY1TF,Messtelle 537
BZYXA-CLNOZ-S7XQH-ANL1U,Messtelle 538
RGUV4-6HSOA-CR4I2-8F0Y1,Messtelle 539
7EHX3-W4F4O-FWMP2-S5ZV1,Messtelle 540
DA440-S5EAO-DUKMQ-EQO2J,Messtelle 541
YQRL3-2OMYJ-ZFGMU-JS5CQ,Messtelle 542
A7EDZ-RYKJK-V3FX2-WBBZG,Messtelle 543
BVTFN-HUK93-A8O8P-1P5V6,Messtelle 544
06J01-ULK89-OAWL0-UY7SA,Messtelle 545
G4JVF-F87ZO-UKXNH-5C1UU,Messtelle 546
MEY0P-3S7HF-LXQ1J-L52K7,Messtelle 547
1TPLD-I8LQ3-0JAFD-NINIR,Messtelle 548
TTSLI-UZHBY-7JUQN-800Y4,Messtelle 549
K7D8O-8CCN5-KVYA9-7H7EM,Messtelle 550
A0TR5-WINUT-AO0C3-5IZRD,Messtelle 551
KECKG-IAS7I-DAN1R-AP8RS,Messtelle 552
GKKFF-WG3A0-IYA27-RUTDI,Messtelle 553
CYDL4-6JROF-U85UQ-J36YR,Messtelle 554
PQM5Y-PWRUI-RVY79-30PWE,Messtelle 555
6UC1U-LSTES-C29XZ-Z2PBF,Messtelle 556
Q8F69-TB6AO-U06H5-DGEWV,Messtelle 557
M0GXZ-95N8E-1VS15-TWC1P,Messtelle 558
1PY3M-J2G6N-SMRH3-SVICW,Messtelle 559
ME3KU-RRKA5-8AKNI-EB61U,Messtelle 560
07ZZP-TVE6G-8ST05-R74M1,Messtelle 561
L9SPK-PZYMZ-PI78L-L64A5,Messtelle 562
TS9PZ-7ORGZ-YVNBV-K5PXY,Messtelle 563
62G9A-PGL17-ZCPT3-ZUCJ4,Messtelle 564
1GBVT-M1F9S-OW5N4-WABPO,Messtelle 565
0JRQN-ZBKS2-MS8LS-333AM,Messtelle 566
71CSS-P9K5S-5HFMW-0OL4Y,Messtelle 567
P2191-QU199-GNR7D-7NC5G,Messtelle 568
FNTMD-E5NLL-1GCKU-XGJHL,Messtelle 569
GECD0-OF1HS-YI9Z6-X3Z1V,Messtelle 570
5ZNCO-MA78M-QUMAH-WJZTO,Messtelle 571
1JMKO-TFQLK-69K1Z-JQ6C7,Messtelle 572
YSFTE-G1AHY-V1YDP-BATQK,Messtelle 573
IE992-C9E8E-C9XLO-NBQX2,Messtelle 574
VOBM1-H7TP9-DX6WC-6K3WS,Messtelle 575
HYG4O-XY2KD-AIOBY-Z8Q8H,Messtelle 576
6NW88-BO0Z3-ZM853-E5EOP,Messtelle 577
YBG3Z-B1S6V-QD280-T760E,Messtelle 578
ASW31-0D3LZ-74QKW-DENJ3,Messtelle 579
Z7T4H-MERWG-8QCRH-N25AC,Messtelle 580
CQ3NT-ZG55S-KXABZ-31VTM,Messtelle 581
43505-6GJAL-MAM5A-8SSHD,Messtelle 582
E8CUW-8GL3E-7IC6F-MR0DH,Messtelle 583
EY217-I0P8E-EYR1N-4RWXU,Messtelle 584
X82BA-RNKB6-4ADCR-A2Q0L,Messtelle 585
965K6-E5FS8-R2P0X-0PRQ9,Messtelle 586
SBT9U-K5RL5-SHJSN-TBJFZ,Messtelle 587
OHFR1-5SDEN-HQ3XI-32VWM,Messtelle 588
3NGD8-WCQ79-U5KXU-8IM01,Messtelle 589
T40CB-6FW0W-WSPQ9-Q6462,Messtelle 590
3RQRO-106JS-SOQ1F-7IHTP,Messtelle 591
8EOC7-VZJSJ-MOGCO-KKE6Z,Messtelle 592
VIFEG-E2QJI-PWUDE-57VYE,Messtelle 593
FUBC4-GC1J6-71OUN-634WX,Messtelle 594
EG1AC-JQZ6U-QXBR6-84T1O,Messtelle 595
X4EBE-86CHN-AABYT-KHURA,Messtelle 596
92TG8-NIO1L-J6DYM-XDCX7,Messtelle 597
NOE14-838YA-FELUG-LKOPQ,Messtelle 598
I29QV-4RASH-4BOHM-609D4,Messtelle 599
R751G-EWKWW-8VB4Z-IZ4C7,Messtelle 600
CGPQ8-K8PHY-U7ZOT-2XK9U,Messtelle 601
M7EVF-N6B3H-P3QMR-ZZBLA,Messtelle 602
G6SZH-7OS28-XFGWI-ONPHE,Messtelle 603
WM7Y3-0Z3J3-QXJUO-GC3FR,Messtelle 604
3860A-NFOKR-PM070-NB5AF,Messtelle 605
IK6B1-SN9I3-Y15BU-DJEM1,Messtelle 606
90PE4-IOHO1-3FLEJ-JLT2E,Messtelle 607
W8BSL-SVZ1Q-J3SMQ-YZ59N,Messtelle 608
PB69R-UR2I0-IH54V-1JH8R,Messtelle 609
SMH9Z-16GDP-IRUCC-BEMEO,Messtelle 610
BTINY-ONT51-9LIT2-B8639,Messtelle 611
YFU1M-TSFF8-TKMIP-PVUIJ,Messtelle 612
R5FFS-KPCKT-X6M4F-5YKI6,Messtelle 613
WQYUA-Q44MO-DOFR0-MBJOU,Messtelle 614
HYVNI-YHX12-5RXBZ-L68QZ,Messtelle 615
DOCC7-9NTL9-R1R8I-067PR,Messtelle 616
HVHZI-KE2D6-RSSU0-KYU9O,Messtelle 617
NP629-WKTS4-H2UPS-BOIEA,Messtelle 618
EV4RF-PNQHJ-PYI82-L5WBE,Messtelle 619
JTVH7-N0KI0-3EQCT-EYRZ4,Messtelle 620
5W1WZ-Q59S1-722KR-D85SA,Messtelle 621
ENSXE-YXS90-8JE42-XC7J6,Messtelle 622
HWAEN-G6BKV-X1TKD-1HZF0,Messtelle 623
ZP9J1-X1XMZ-X0WG3-168JY,Messtelle 624
PNQ23-OTI8T-3AF1O-580MD,Messtelle 625
TYZH4-IDUWN-A3H75-HDVQ5,Messtelle 626
UM1AT-I0BSR-MTZTI-844H7,Messtelle 627
ZQ54N-EC9AB-53MY8-BSUKE,Messtelle 628
GBRW0-6COEO-AL98H-8DHES,Messtelle 629
4WTAQ-0NQFC-4ZQLJ-STY5L,Messtelle 630
IPEAI-1DCKJ-0Z9R9-JG4VG,Messtelle 631
I26FC-RS88Y-RO8G9-042GL,Messtelle 632
LSAHC-XSPTA-J12ZC-4VBLI,Messtelle 633
TV1SD-C5M2W-TFJW0-VS9UG,Messtelle 634
3BACI-KE03D-0RUD7-64XTU,Messtelle 635
3KXQM-A37L3-ISXND-K6F1M,Messtelle 636
DN5HD-0C4CY-GL6JW-9FBUD,Messtelle 637
A0TCH-752XZ-OVBBH-50GRM,Messtelle 638
BYN0F-TZZBG-23O2J-IVMSR,Messtelle 639
RSIA3-5KID6-SM5AB-KFJ73,Messtelle 640
ODO53-477XF-JI35R-FR9H3,Messtelle 641
2Q71G-AVI42-6X4A9-KY09W,Messtelle 642
CLXAV-I15Q9-J5MOG-3YVJ6,Messtelle 643
P1BTV-A6QFB-USHBA-DO2VC,Messtelle 644
470UK-ZZ9RR-V5EMK-MSFAW,Messtelle 645
CRZMO-L4G61-OGHWE-J3XK6,Messtelle 646
QVABA-R4J7K-FFBPR-F82C9,Messtelle 647
01ZI3-6Y67U-1MW5B-79WHY,Messtelle 648
F4K0I-ZUOCP-65BE1-KAP59,Messtelle 649
Y2N6S-WOQ5M-MD8BJ-OVWZD,Messtelle 650
IXCO5-892PR-RDSAX-95F3B,Messtelle 651
ESZCQ-K81QW-A0DM5-ZYE60,Messtelle 652
ZHVCV-3ZZ3V-7OT91-0VQX9,Messtelle 653
Q5KDQ-G4N23-K9W13-7VHL9,Messtelle 654
BJMC7-ZWR99-6SLEI-L5NTY,Messtelle 655
IBV8J-9IDDE-SYITN-W0XLJ,Messtelle 656
H67YR-ML8QG-965CV-VYWV2,Messtelle 657
08BXI-QJIMJ-GKNBK-BJKHE,Messtelle 658
SFIOY-ZMOF3-N88AQ-QDTDD,Messtelle 659
FX8NS-I6DCO-17XWB-O4551,Messtelle 660
PHUIO-C2A36-6CIRS-YT7BG,Messtelle 661
DUKY4-E0VAX-XEW7G-BN7X2,Messtelle 662
7R722-PV8TL-86NNZ-M5MMQ,Messtelle 663
6O388-KV70B-0P9N8-OH605,Messtelle 664
AQFMK-JG3YR-KD2KZ-YU0IS,Messtelle 665
VEWZD-W4HHX-1X5CA-QQU7C,Messtelle 666
AE4KS-QHQH4-GA9T8-QEF9D,Messtelle 667
29S1D-I05GF-V5HA8-YLP48,Messtelle 668
WD5X5-7AJC0-7BLQ0-H5JKU,Messtelle 669
N733I-DGU9T-YSTLW-KLHQQ,Messtelle 670
LRAX3-ED3BT-XDG8F-VLP2U,Messtelle 671
UI2UD-TASBO-DGETD-P4NPE,Messtelle 672
8IMKV-XVUXC-VQPTN-YVP2A,Messtelle 673
HUM8T-55ZK1-SLMRE-3ZPCZ,Messtelle 674
27LSX-Q08N8-EJ32Q-AKOKD,Messtelle 675
CQH4S-E1FY4-GR16N-GES08,Messtelle 676
OVP00-WTGAT-1U3V1-9F5VX,Messtelle 677
TF9DZ-6TIF9-8QRB5-ZZ144,Messtelle 678
2MEUE-6R1MT-9P93W-JN73C,Messtelle 679
0CEQJ-P6RMA-WLY1C-H0K57,Messtelle 680
WZ0HI-9IB7A-ET40R-636FO,Messtelle 681
5Y8CO-ZBMA6-HM2PN-GVCKQ,Messtelle 682
51XJV-IGQ19-XRSEC-IG94R,Messtelle 683
U2S2Q-ZTDVF-XGXU1-UBSXA,Messtelle 684
AZHJW-A6RHK-5XKPB-AZIUN,Messtelle 685
CTDWJ-TF701-TTUX1-ZM5W1,Messtelle 686
A9N4V-GJOV9-89XAK-W55O2,Messtelle 687
AUDGI-88GX0-3ORUN-E69FZ,Messtelle 688
P17CK-PD04S-WLBHD-KSZDU,Messtelle 689
FWZFZ-K9S85-0JH53-8I81Q,Messtelle 690
6EC9O-F9C7X-WP9HJ-Y1W2Q,Messtelle 691
AB0WE-DX7EC-T1GH6-HOIM6,Messtelle 692
IRXJ4-D8FHN-V9Z6J-JQTCR,Messtelle 693
I7H8N-UDR5O-ZK2GC-GYFLH,Messtelle 694
W02ZU-GUY6P-5Z193-3FIXB,Messtelle 695
TTCGT-7Z1T6-PFZW7-AN10S,Messtelle 696
CZPDG-95WBO-Q4VNZ-HPWJ0,Messtelle 697
3N890-6T1G1-LUJAC-FK98Z,Messtelle 698
YCRN2-O0J02-SB0F6-5C4UE,Messtelle 699
IFB7T-49QJP-C1GNY-F16SS,Messtelle 700
RLQNU-IX89O-ERL38-CYI5K,Messtelle 701
GG346-D7OTI-90B6G-AYK0O,Messtelle 702
4ELGR-6WQZT-LI5EN-KZZTF,Messtelle 703
277XS-ROWKX-ZL4JZ-CWY0V,Messtelle 704
89DX4-G43Y4-0GFWX-D3EV3,Messtelle 705
HJ8AR-VJRDN-P38JB-PCSCW,Messtelle 706
SBKKG-9NPPL-TO97L-G4QX7,Messtelle 707
K9V56-OGYJV-ZKXOL-I1K6F,Messtelle 708
TPZC1-0CYVG-8293R-7EY1P,Messtelle 709
N9VAT-2AM40-8K1PW-LC0DP,Messtelle 710
NKYZQ-B68P8-4XCQY-2VJQE,Messtelle 711
KEHPK-3JM1W-Z38ND-WKMMF,Messtelle 712
J5C4V-AVEBT-IAWPD-B9LKI,Messtelle 713
PTEES-K8CRP-BMKX0-EFVAU,Messtelle 714
IP6XL-B34YM-VNZPS-2HPTA,Messtelle 715
UUTZA-L3N0S-D79WM-ST4LO,Messtelle 716
AH01L-NP2D0-NPGZI-6B0OJ,Messtelle 717
DOJ90-WA7MH-V8OVN-6I3VX,Messtelle 718
LUTIJ-BI5AS-MQMGJ-EUUVP,Messtelle 719
2HCI9-2ZE1R-8ZL97-BUFQA,Messtelle 720
PP5GD-SE7JF-W3MPL-CFK2H,Messtelle 721
FZ0C5-XBCZM-0049V-3PNXT,Messtelle 722
0REOB-LX3V5-M9ZVO-XB23H,Messtelle 723
BOL9O-RP8CV-M9TCY-JD2W2,Messtelle 724
BFTM6-432VY-449RR-6B1QR,Messtelle 725
8ZD0Q-HQXGP-69DU6-R9LEF,Messtelle 726
XZ077-PM38R-AV0YU-NTLCQ,Messtelle 727
QW2MY-4OH6R-2TDNI-Z57LP,Messtelle 728
VUWF6-TY813-X50QG-RPJDC,Messtelle 729
N7SUD-M5LCS-RHI0R-RAV6W,Messtelle 730
ROIKP-3VUR2-HFKJS-AYWCA,Messtelle 731
IP2MT-9BMRP-2JTJX-QCE4M,Messtelle 732
MFJ03-QSWB3-AEPIH-YD0ZE,Messtelle 733
A4UXC-NN4DD-1YMTX-MSU3S,Messtelle 734
8WDQ4-HS0KJ-5LYXW-QYNPR,Messtelle 735
3NWJS-SRRJW-T7F7U-227VJ,Messtelle 736
8VX91-DXKNZ-A5QK2-UCBPF,Messtelle 737
PG0UI-NY5MV-NO3KD-H2LCC,Messtelle 738
M2DJM-QN175-5VVQL-ONN2G,Messtelle 739
DV9K9-LSCJ1-Y0XP7-QWR9K,Messtelle 740
BQDII-IBJVV-7HR11-F1LJV,Messtelle 741
5TMED-8KEH4-P3CXR-IHU6O,Messtelle 742
TWJIR-K2MXI-SOV98-RRXEB,Messtelle 743
8E5I2-OO349-A4ASJ-VH7F1,Messtelle 744
PTXPS-T4FZF-FNLLG-FRNBI,Messtelle 745
5UC14-GLWP3-F97VP-V4C1D,Messtelle 746
IAZPW-27O3M-YEVRT-51SZ7,Messtelle 747
7KRUM-DLRUV-LCDAS-PNZHR,Messtelle 748
P439A-BCJG5-1N8W2-9OXUY,Messtelle 749
J55KQ-EA9LV-05NOL-BA8QR,Messtelle 750
9WFJ8-PEV5T-SSZ5Q-AS6R2,Messtelle 751
ZE77H-AEUHQ-GTC2O-65R2B,Messtelle 752
UKEVM-0KHML-SRHBD-2IZL2,Messtelle 753
7PAJ8-LIVE1-0GF0N-GD316,Messtelle 754
BCL6I-TXKZC-CKHBE-MHQ5J,Messtelle 755
BJD7J-3TF04-30H2B-PA8F0,Messtelle 756
P9IGR-L7SUR-T276W-V4F0R,Messtelle 757
E4Q3Y-U094H-9JOCK-D8UGK,Messtelle 758
FOVI0-SEAMC-0HSU3-EJQGG,Messtelle 759
NXO6K-W5GFZ-W049A-Z3VVC,Messtelle 760
I0FSF-BRMWS-WGLM5-010WH,Messtelle 761
NT8W6-2F2KC-SRLVM-1H098,Messtelle 762
WVDV0-YNWZL-RPDQ7-MHEIS,Messtelle 763
FK6DI-TTCNG-W76PD-GT3HZ,Messtelle 764
UGKCL-TWIHC-VW94J-ER06I,Messtelle 765
XNVJI-K3327-DQPJ1-8ZA74,Messtelle 766
CC5YL-MG8T7-6N3JY-SQQXU,Messtelle 767
B5T34-OE81T-SPMU1-YC33P,Messtelle 768
14T3V-HFEG3-0WM09-D954P,Messtelle 769
523O5-QT9ST-IRY54-C8P1Z,Messtelle 770
206KI-IFNQF-28QV8-2N3SA,Messtelle 771
YS46J-0CPHD-1UQNU-4BLR8,Messtelle 772
DEJVG-FBES3-QQQQ8-U5J2J,Messtelle 773
FCUOX-4R3NG-UX8NV-H7AKE,Messtelle 774
NVLW8-Q6BP6-OIIQF-FCLAU,Messtelle 775
H92YG-ND7G8-QR53X-ZAQ5A,Messtelle 776
X0UHA-V2ANO-GQJNZ-CPBP5,Messtelle 777
ATVJP-JQV0Z-JEFCN-NH04Y,Messtelle 778
KYLJ4-7KJ9S-YNK7Y-MJUDE,Messtelle 779
KPLR8-K3B16-DSUT9-WXS6Y,Messtelle 780
MFFK0-XCV4Y-WKO3I-IDG5Z,Messtelle 781
6HJ6O-6F104-NHNRD-YZCUB,Messtelle 782
1Y5RE-9ZH89-F5P02-O94R6,Messtelle 783
41BJH-5L0QR-XQ72H-F5UU6,Messtelle 784
FM99S-765YX-WH9BD-JUPWH,Messtelle 785
GHGL3-JUXQZ-DB6QF-PIVYU,Messtelle 786
2I8BM-0TR0A-NDKUG-QRT0V,Messtelle 787
9PFCM-L2DFC-DLV2O-O3TA9,Messtelle 788
GA6GL-DZGP7-JQ285-BZGZG,Messtelle 789
XDSTY-6B440-0H4G2-XW9YJ,Messtelle 790
MWFBP-I6GOG-MQ7OC-FYU09,Messtelle 791
GLFTM-I79TM-UNBQJ-9JH9U,Messtelle 792
5WA79-ODAIO-SVJQN-FAGN1,Messtelle 793
WDUAN-FOJ1K-2FPTE-HL30M,Messtelle 794
64ALW-I8KZI-OXMFY-L1Z0D,Messtelle 795
1J35J-NSKGT-3UNU5-HLOUF,Messtelle 796
B0Q1R-Z8JZN-4CI1D-DFYHK,Messtelle 797
C4F5C-4WPZV-AL5GV-HA179,Messtelle 798
PQMXJ-MTIY6-WJTSF-BIB2V,Messtelle 799
LM3EC-QI41I-K9DR1-HADR6,Messtelle 800
RIIOM-4TRYB-BMATV-ZZZ3E,Messtelle 801
6K0HS-KPGIQ-DHUZN-TVGQK,Messtelle 802
143NE-88SDG-J0P3D-ZCLNC,Messtelle 803
KNKYN-E5WJC-1RNX5-XV9JQ,Messtelle 804
CWAR6-A3JI7-Z1913-3L3LM,Messtelle 805
2AD5T-FIC62-OYGW0-QL4MI,Messtelle 806
I8J82-77YE9-WMIXE-5DK3K,Messtelle 807
ZYBS6-O3L4M-34TX4-ZBS3X,Messtelle 808
OU7B9-7H8PJ-QZXJ3-DC612,Messtelle 809
FVZ0N-WWLBQ-J5ZN5-1ZMBP,Messtelle 810
L1J54-70PS0-MVXU8-2OPWG,Messtelle 811
MXNBP-22CGE-EM4RW-IKZWU,Messtelle 812
IZJDJ-A09XL-RNQXA-Q6QCI,Messtelle 813
1ZIZI-1WWWK-UF7DO-PS2VI,Messtelle 814
EIW90-47S4F-J972A-TGDCG,Messtelle 815
I7NOX-M15C2-RX7OR-RU7YG,Messtelle 816
L2OPF-54JUW-9ETI2-IQA3V,Messtelle 817
TBVHF-C25EJ-74369-BBTSC,Messtelle 818
USV5A-U6MMA-UGFFJ-CIVN5,Messtelle 819
35X8M-EBDBQ-ZH09X-Q64X5,Messtelle 820
BTGBO-SBR1I-T1DWE-HHNVT,Messtelle 821
KJ61F-OQIH5-GP4AH-G5Z4G,Messtelle 822
LV7JZ-7Z5V1-99SO1-YE8TS,Messtelle 823
6KVJL-FPWKJ-1GNPO-XMYO3,Messtelle 824
TMETK-7GTQM-GJ9NT-DJMA4,Messtelle 825
HLR2D-G69YY-DLHQY-HT0ON,Messtelle 826
KCYIC-EPMG6-VK3VE-29ER8,Messtelle 827
J7Z15-8VZLX-V0XLQ-33F4D,Messtelle 828
CQLEM-Z5JEY-A63S4-2Z7KP,Messtelle 829
VBDKZ-ULPTE-B7XR5-TIYCH,Messtelle 830
AS36D-82RDK-Q6WFQ-DN7RM,Messtelle 831
ZPIB5-Y3IKC-BRXAL-QXXK5,Messtelle 832
9WF3W-L8V55-EMQEA-ZX271,Messtelle 833
GNT5O-351SQ-DPR56-LI97J,Messtelle 834
DUPXQ-XDOP0-CZKY2-ZTAIK,Messtelle 835
M48HN-EN5PI-IQ959-1VZ22,Messtelle 836
NLIPH-CCRSW-R086R-UQH9S,Messtelle 837
Y2EKQ-DX6TM-6LGWP-7N9H9,Messtelle 838
XOPF1-FGG0Q-D4V7L-E7A48,Messtelle 839
96P99-4TU9U-KOPDZ-8TCA7,Messtelle 840
HUEGW-HJ0YP-4Z8QZ-8SBOI,Messtelle 841
K7J7X-RJ5RR-SZV57-LPEJK,Messtelle 842
8EY0S-2M5VV-6LZV6-OZW30,Messtelle 843
8F7UZ-LUSRL-KJICF-24MA9,Messtelle 844
GRG8Y-IT56Q-B9V5N-O8QWW,Messtelle 845
1KEUE-ML9O6-HO0PO-L2YZ3,Messtelle 846
3CSL6-PTBKW-ZBUFF-XJCPH,Messtelle 847
4BK5V-UMH20-LV35I-97ZND,Messtelle 848
ROZ76-TZWFX-6AIO4-BQ9RB,Messtelle 849
JKE4B-ZVW7U-4CNC6-04LE5,Messtelle 850
J3JFY-AKUCP-2U3NI-95FEN,Messtelle 851
TKVQQ-MS00V-60A23-3GAL2,Messtelle 852
AF6KZ-TKK2F-G2TFS-IOLJN,Messtelle 853
8H1WK-HAEYX-1JGVW-UXR4O,Messtelle 854
SKKLM-5PS7U-8BD3R-1MLNT,Messtelle 855
KPQZ0-EOEBU-ONN6H-GFIFQ,Messtelle 856
YN69B-TNFE7-GI0B7-P13M1,Messtelle 857
FQT8B-MTZ0Q-KF21B-2L08I,Messtelle 858
Y60T4-FV0DW-LE1PN-1PVZ2,Messtelle 859
P71JZ-FJSRJ-A8BFV-9OGQP,Messtelle 860
UMG1H-A65UE-GF1PN-TZ6SC,Messtelle 861
3LEQA-6ZG0B-OFAWB-Z6IX0,Messtelle 862
F392G-0C3N0-4FR5D-YCA4W,Messtelle 863
HQH6U-1JR5T-0WD86-98XHR,Messtelle 864
KR858-CVX0X-U5JX6-MOT77,Messtelle 865
6AQRG-2IX3S-5W8OA-O9GQ9,Messtelle 866
ENBEB-PBP5P-IOWJV-TVTAQ,Messtelle 867
8C9ZN-D8XO2-7S83T-ZCGBX,Messtelle 868
Z0Q55-KLAQ5-P8KBF-H8Y1W,Messtelle 869
QOFQW-XX71H-SZ162-HFOK2,Messtelle 870
HU8TO-5YSUY-61835-DLUUN,Messtelle 871
4WJKD-RC9E9-57TOF-HNNX8,Messtelle 872
DG0VJ-ABZWX-3PFRO-5KNC0,Messtelle 873
QMJDJ-HAFVV-1SHU6-80IN8,Messtelle 874
RHA3L-NGRAX-OMXEX-1LSVV,Messtelle 875
UFEBA-GY3FR-2B0JQ-4SYOV,Messtelle 876
YCPND-CYC0U-N5MKO-1ZCKX,Messtelle 877
P7IF1-YRDXQ-PNDOD-9OP1V,Messtelle 878
D9CCT-PJBLR-GFPA4-AQXRO,Messtelle 879
3IDWK-CVJW0-W7KCP-6TUHC,Messtelle 880
APJK9-8J3GP-4O3S6-RRERI,Messtelle 881
H091O-4WL0Z-NM4TP-SQ8K0,Messtelle 882
0H8N3-XQ52I-26FXQ-O1XAQ,Messtelle 883
CDI77-SVH9A-1PXHY-UNIUB,Messtelle 884
YFC87-5M8UM-CU99J-ASXNT,Messtelle 885
S98TE-DYG4B-6KIQC-H31FF,Messtelle 886
4B9YL-NF5VP-43Y19-PMKTL,Messtelle 887
3CBXO-O3RB4-WH8QJ-A7K24,Messtelle 888
JJ7ZN-LJRAQ-D0WMQ-8V6F9,Messtelle 889
M68LM-B4MZD-3EZ7T-Y2B4S,Messtelle 890
TJ5U2-K5BID-P63QC-BQRBM,Messtelle 891
SC73A-KR0D0-RVE74-DN0CK,Messtelle 892
O5JED-7BHD9-MBG1V-R0W5E,Messtelle 893
NTPVI-X15FB-69WSE-B28VT,Messtelle 894
HTZCN-3Q9RI-NJIPC-DXV21,Messtelle 895
4A4XW-QLAXX-DOETB-G8AVF,Messtelle 896
BQUTR-MVIF0-62X6Q-B05RF,Messtelle 897
0MCSP-6OZZG-QH1B6-ODNC9,Messtelle 898
36Q10-N5E6A-L0D25-T5Z63,Messtelle 899
RY2ZC-QF47K-WWJ4M-ZQCFV,Messtelle 900
ZLJW5-RRF9J-Y3PHK-PYY9A,Messtelle 901
BX83Y-8LF1A-O76V0-IIE0E,Messtelle 902
17F5V-I4FOC-48AIE-RC0S4,Messtelle 903
R1EQT-WOR0A-BSUDB-ZASPB,Messtelle 904
ZX7LF-YN8J3-MA3JY-PG69L,Messtelle 905
H3O5Y-PDC0X-FRADE-9V7KF,Messtelle 906
2FAVI-M24U1-59GLK-OHW7X,Messtelle 907
1ABIP-PI8BJ-583C2-HTPVZ,Messtelle 908
OHNR5-OWUUG-8C8DM-SEQTO,Messtelle 909
IXUZD-CQBUD-59M5Y-AJVFH,Messtelle 910
WCWUT-N5BB1-D6H3E-3E1ME,Messtelle 911
23JHE-KTZRN-FUPUO-UV7R5,Messtelle 912
6PVFT-13DQJ-ZW5NO-IX2KG,Messtelle 913
KA5TT-C5H2V-YU6D7-M09R9,Messtelle 914
D211X-6CVXH-M9SUU-26MUS,Messtelle 915
JO1M0-W51E0-8C4S5-CBXJQ,Messtelle 916
QYZMN-7WUO4-0SESQ-8GW08,Messtelle 917
TBN48-QB9UV-FBBW0-8TE3W,Messtelle 918
OPVTT-75H8Q-CE0LW-SBYJ4,Messtelle 919
6EGAG-0FI7P-OTXPQ-M5PE8,Messtelle 920
O5DWR-CBUZG-FWCN6-16F4B,Messtelle 921
H1R4T-NG5YI-BKX3Y-L8SM5,Messtelle 922
HYB6B-I3EHW-T866T-VWQ7D,Messtelle 923
NDT22-88ZFJ-8KP6Q-ZHU41,Messtelle 924
ABV6P-RD8A3-54FWV-89TQN,Messtelle 925
GGNAE-BO06T-HAPNH-675PT,Messtelle 926
O2MDJ-LX9YR-6XES4-B7MXG,Messtelle 927
CHGHF-ME367-Q578P-O02PI,Messtelle 928
VRH88-I793Q-EE3MF-375DA,Messtelle 929
NAA7Z-6X4JF-ZLNBJ-WE3S0,Messtelle 930
DOL7Q-F0POT-RQYKK-K4J3Y,Messtelle 931
RBZ16-QM935-AJYO3-YOYLZ,Messtelle 932
SUCET-85EXT-HT2IP-K8K3B,Messtelle 933
SDAD8-92LTY-F1GI7-EA24G,Messtelle 934
EUV3N-TZG7C-VY83B-C39RW,Messtelle 935
E8LMM-J40B2-2701C-LACYO,Messtelle 936
4SZTF-SZK6S-A23I3-8LJM1,Messtelle 937
CBI0E-8X896-T0KQU-TRSH1,Messtelle 938
2CUVS-4PKEB-JFZ97-X0D8H,Messtelle 939
XGVWC-CV0GL-05F0A-5YVI6,Messtelle 940
ZJ52Q-BB2H1-Q5GTX-U9LIM,Messtelle 941
7XVTM-T90W3-ITLD0-RAJ5M,Messtelle 942
2IDE1-KOWDL-RCTV0-MMS4Z,Messtelle 943
YJHH5-0FE3H-AZIVW-V12LD,Messtelle 944
2Z012-PFYOO-L7JC7-BJTHW,Messtelle 945
VEMVJ-ZV3WP-9PKN7-U3PBI,Messtelle 946
R9NIV-YVBHS-KN25F-YNTBX,Messtelle 947
77TCA-30V0O-LQWOO-476KR,Messtelle 948
NOAJN-FYNX9-0HSVX-45H9B,Messtelle 949
ES4A7-NKK1Q-5DAWX-1ZYSV,Messtelle 950
TQPBD-D03L6-HV68R-AS62W,Messtelle 951
UZXY1-JN83O-9S729-82CRN,Messtelle 952
MYRGO-E7RG4-PB0FY-DLRXZ,Messtelle 953
CYR2P-9C1HA-WHV2T-IYZBZ,Messtelle 954
T825D-WQA3A-LXAVF-YY3SQ,Messtelle 955
V3K7T-J94FH-HJDFH-GDRZH,Messtelle 956
H3K4A-P8LNR-L925V-RROV2,Messtelle 957
22V47-BFA2A-0YC0H-CPCOF,Messtelle 958
3X58R-D0C7R-II35L-V2WCA,Messtelle 959
OAHGY-XL8SO-0A5IV-FLP3R,Messtelle 960
3A450-57BG2-44DSS-I4UAB,Messtelle 961
VNLKL-K88N5-5N535-A72BI,Messtelle 962
VLXJO-QF6D6-3B7CB-6JI8O,Messtelle 963
BV264-CXSZX-O4IE1-BYIEH,Messtelle 964
5OE2A-GSOP4-V9S6V-UNS47,Messtelle 965
LB033-OGMQ0-CZFNQ-GV1PH,Messtelle 966
JKVCR-FY32W-6NZFK-A7LIE,Messtelle 967
AU193-DWY98-HHAZ5-G23IS,Messtelle 968
2IFOW-54MYS-IR3V6-9N6WY,Messtelle 969
SY8XE-6UUUL-4O7IB-8Z2RD,Messtelle 970
AFBGF-DCANG-QRVC3-TP613,Messtelle 971
X8191-Y1YEY-BKRRR-VRNUJ,Messtelle 972
648CJ-06HWD-JX7JZ-YDKWM,Messtelle 973
DR56J-WGRU2-ZG7V6-L2X4Q,Messtelle 974
23VXD-RCHBW-9WA5Y-ZVT8P,Messtelle 975
QXGV4-P1ONX-RIOU9-4KKOO,Messtelle 976
2FPY3-7KXJB-DHQB3-7EEZA,Messtelle 977
BP7KL-WMFN2-9V7NM-9MVRS,Messtelle 978
DRPDL-KJHHG-5Q3FC-X4BKG,Messtelle 979
JR1GO-WCKFB-DZSZ0-R8IUZ,Messtelle 980
9NAAW-6XQGS-98L8L-72P7C,Messtelle 981
KB8FU-MDY98-BUGN2-K6SPH,Messtelle 982
RXNRA-6WS2P-229X7-E65U0,Messtelle 983
RDFCU-0KSCL-6T5TP-LP9SC,Messtelle 984
HLXML-D4YEN-3S917-R1INY,Messtelle 985
O6ZRL-ITTTT-9CMVG-E0DDX,Messtelle 986
HT9Y0-FAQMA-ELYOT-BOQI6,Messtelle 987
0D43I-4J3ED-3H5V8-V5Y30,Messtelle 988
L19HN-5JTOE-9GQ0L-81997,Messtelle 989
S2A4L-1J3ZH-88N76-07QR7,Messtelle 990
ZFX2S-ZFU7L-M6WG1-E948M,Messtelle 991
O2YEH-1W6I3-MDC2E-P3IJ7,Messtelle 992
B0ZOQ-N93X8-HLG5Q-2T3WY,Messtelle 993
JJCK7-KZQ0T-FC85J-U1SS6,Messtelle 994
ICLTZ-FN24I-NAPZA-Y2Z5C,Messtelle 995
NSWL2-PHR46-JRRA3-RHH1Z,Messtelle 996
V9CSJ-EJXUV-UJYK1-2Q3E9,Messtelle 997
N0ZRR-UP1OH-KM675-PCBQC,Messtelle 998
9OO38-ZMYQ1-1AM92-KVBUB,Messtelle 999
